model,forcing,initial_condition,tag,beaker_id,wandb_id
SHiELD-SOM-C24-tuned-cdmbgwd,1xCO2,ic1,,01JDSJHS6CGGJPEMVKHCBXBPB0,ai2cm/ace-som/nex9o82p
SHiELD-SOM-C24-tuned-cdmbgwd,1xCO2,ic2,,01JDSGAHDMHJ48KE1WQMG27F86,ai2cm/ace-som/6k886cfh
SHiELD-SOM-C24-tuned-cdmbgwd,1xCO2,ic3,,01JDSGB3XB5VH0JE74TEK06S8C,ai2cm/ace-som/lalqh6gc
SHiELD-SOM-C24-tuned-cdmbgwd,1xCO2,ic4,,01JDSGBPNE4SN0J61HF8YM376A,ai2cm/ace-som/4pbsuy2t
SHiELD-SOM-C24-tuned-cdmbgwd,1xCO2,ic5,,01JDSGC9CSTN5K2DF931X18K18,ai2cm/ace-som/8hxwhzj1
SHiELD-SOM-C24-tuned-cdmbgwd,2xCO2,ic1,,01JDSGA3V8J1RW2R2NBSVVTWCS,ai2cm/ace-som/a3fjzg25
SHiELD-SOM-C24-tuned-cdmbgwd,2xCO2,ic2,,01JDSGAP2PKQFQHDH18QK5XSE1,ai2cm/ace-som/svgjalcu
SHiELD-SOM-C24-tuned-cdmbgwd,2xCO2,ic3,,01JDSGB8SDW74YYVBGH0XZQKA6,ai2cm/ace-som/wegt2l2p
SHiELD-SOM-C24-tuned-cdmbgwd,2xCO2,ic4,,01JDSGBV28MB5GT8R7E1NJY6RP,ai2cm/ace-som/45f412xd
SHiELD-SOM-C24-tuned-cdmbgwd,2xCO2,ic5,,01JDSGCDTTDF9QWC9V9617W6N0,ai2cm/ace-som/twp6kp90
SHiELD-SOM-C24-tuned-cdmbgwd,3xCO2,ic1,,01JDSJHSAFRZPGTR7JXYNGRKHF,ai2cm/ace-som/cqg2ivt4
SHiELD-SOM-C24-tuned-cdmbgwd,3xCO2,ic2,,01JDSGATSZX6Y71M905MWF7Z92,ai2cm/ace-som/qogc8olu
SHiELD-SOM-C24-tuned-cdmbgwd,3xCO2,ic3,,01JDSGBDHVYXE90N6Y3RABXTBX,ai2cm/ace-som/5eu569qz
SHiELD-SOM-C24-tuned-cdmbgwd,3xCO2,ic4,,01JDSGBZY0C689D8JH18F4BWWG,ai2cm/ace-som/roe49dgt
SHiELD-SOM-C24-tuned-cdmbgwd,3xCO2,ic5,,01JDSGCJ7N3Q9P5CKSN4HMPDM3,ai2cm/ace-som/11qxl8o1
SHiELD-SOM-C24-tuned-cdmbgwd,4xCO2,ic1,,01JDSGACPFHX4TK7TRZQK4R3EG,ai2cm/ace-som/o8qvmvz6
SHiELD-SOM-C24-tuned-cdmbgwd,4xCO2,ic2,,01JDSGAZ5RPV0E4EXDQRT1F0Q7,ai2cm/ace-som/b8jvkwss
SHiELD-SOM-C24-tuned-cdmbgwd,4xCO2,ic3,,01JDSGBJ6DC6ARXQ4ABV5Q038V,ai2cm/ace-som/95j0efje
SHiELD-SOM-C24-tuned-cdmbgwd,4xCO2,ic4,,01JDSGC4P6Y54592DAV70SCNEE,ai2cm/ace-som/fvuh9lbk
SHiELD-SOM-C24-tuned-cdmbgwd,4xCO2,ic5,,01JDSGCQ1FA5YCMHE2BJ0SE16K,ai2cm/ace-som/p6mr6o6c
SHiELD-SOM-C96,1xCO2,ic1,,01JDHSVH98P1YTBHKD0THXEA8B,ai2cm/ace-som/9dccpp2f
SHiELD-SOM-C96,1xCO2,ic2,,01JDHSTZ2X0DJPQ8887SN82P97,ai2cm/ace-som/qu0bbsa5
SHiELD-SOM-C96,1xCO2,ic3,,01JDHSV83C8BVVFNZ66F77R2EV,ai2cm/ace-som/7d8l2k20
SHiELD-SOM-C96,1xCO2,ic4,,01JDHSV8YW943E1EYAGRG7MBEC,ai2cm/ace-som/lud25n77
SHiELD-SOM-C96,1xCO2,ic5,,01JDHSTZMHZBCSWYM5NDW77G78,ai2cm/ace-som/4q39pfmf
SHiELD-SOM-C96,2xCO2,ic1,,01JDHSVHYQ9MZHV2Z61YA64QNW,ai2cm/ace-som/9kpxw7yn
SHiELD-SOM-C96,2xCO2,ic2,,01JDHSVF00BVRRRWW2K47JD4W0,ai2cm/ace-som/iw2wufta
SHiELD-SOM-C96,2xCO2,ic3,,01JDJ1MARWH4XX247BN1EK9JZY,ai2cm/ace-som/vto56lyr
SHiELD-SOM-C96,2xCO2,ic4,,01JDJ1QP3DFJ5QEJ9RF7EEBD51,ai2cm/ace-som/j2yydm4u
SHiELD-SOM-C96,2xCO2,ic5,,01JDHSV92ZKQW4YBYVYS98ZHZN,ai2cm/ace-som/43tn0pv6
SHiELD-SOM-C96,3xCO2,ic1,,01JDHSTZWYWTSAGKCTGXMG13SP,ai2cm/ace-som/w2flifr0
SHiELD-SOM-C96,3xCO2,ic2,,01JDHSVFDRE34NPPJX48XXFFE6,ai2cm/ace-som/nfx7y0is
SHiELD-SOM-C96,3xCO2,ic3,,01JDHSVGMG4GCG0BWKBSR4G2J1,ai2cm/ace-som/fcavxrcy
SHiELD-SOM-C96,3xCO2,ic4,,01JDHSV8H6MB9GZNEJN0XXZQET,ai2cm/ace-som/e0fu55nt
SHiELD-SOM-C96,3xCO2,ic5,,01JDJ26MWWHC7BQV9X9MBBFSTZ,ai2cm/ace-som/cewx9t23
SHiELD-SOM-C96,4xCO2,ic1,,01JDJ1SGP5N1NKD1PTRHDE8H4P,ai2cm/ace-som/rt6xcr61
SHiELD-SOM-C96,4xCO2,ic2,,01JDHY1WZMD9GEYQ9DPE9J9D5K,ai2cm/ace-som/fmv1kzt4
SHiELD-SOM-C96,4xCO2,ic3,,01JDHSVEVPP964EK8F2H62VJ2M,ai2cm/ace-som/vs19kkup
SHiELD-SOM-C96,4xCO2,ic4,,01JDHSVHDM1HFF9ST7DTDG21FA,ai2cm/ace-som/r1t3w21s
SHiELD-SOM-C96,4xCO2,ic5,,01JDHSVFP27CJ453T7PAY6NVNE,ai2cm/ace-som/b33mwd47
ACE2-SOM-multi-climate-RS0,1xCO2,ic1,,01JDGKPPJ2S2BMZCB00X46Z15T,ai2cm/ace-som/sd1cbbsc
ACE2-SOM-multi-climate-RS0,1xCO2,ic2,,01JDGKPX885DGA4WBQ6X46K0EM,ai2cm/ace-som/407nk0nt
ACE2-SOM-multi-climate-RS0,1xCO2,ic3,,01JDGKQ2HJSGRDBCTS72WGVP1A,ai2cm/ace-som/bak4v7x1
ACE2-SOM-multi-climate-RS0,1xCO2,ic4,,01JDGKQ7ZEHZFT6XZGHXJXG3CR,ai2cm/ace-som/lm8e1cem
ACE2-SOM-multi-climate-RS0,1xCO2,ic5,,01JDGKQDYN49B2J9WRGVBHG7DA,ai2cm/ace-som/34rd8t9q
ACE2-SOM-multi-climate-RS0,2xCO2,ic1,,01JDGKQK9629128KG770ZR3X6W,ai2cm/ace-som/buf8mhtm
ACE2-SOM-multi-climate-RS0,2xCO2,ic2,,01JDGKQRS4NT6GEACNKMQJ2PZG,ai2cm/ace-som/ntyp8gfr
ACE2-SOM-multi-climate-RS0,2xCO2,ic3,,01JDGKQYB91GV4JEFKVXJMY60A,ai2cm/ace-som/xgmnfkvd
ACE2-SOM-multi-climate-RS0,2xCO2,ic4,,01JDGKR3MDMTZ1TB73H40MGWDR,ai2cm/ace-som/3jkjn4jx
ACE2-SOM-multi-climate-RS0,2xCO2,ic5,,01JDGKR9C0HPB6NBE7ERQ1RXXW,ai2cm/ace-som/0rpwkt9f
ACE2-SOM-multi-climate-RS0,3xCO2,ic1,,01JDGKRFE4T4VCNXM85SZVHBQ2,ai2cm/ace-som/bk9hfjj0
ACE2-SOM-multi-climate-RS0,3xCO2,ic2,,01JDGKRMQ4RQ5MZMDFKP54XQAK,ai2cm/ace-som/xw4c0o9j
ACE2-SOM-multi-climate-RS0,3xCO2,ic3,,01JDGKRTEVZV2Q9KTA1W9B553M,ai2cm/ace-som/gylrlgru
ACE2-SOM-multi-climate-RS0,3xCO2,ic4,,01JDGKS05Z1VJQ5NR7NW7FNBN4,ai2cm/ace-som/yuepuea3
ACE2-SOM-multi-climate-RS0,3xCO2,ic5,,01JDGKS5VVW2KYM164WFTYC7HH,ai2cm/ace-som/fhkur2ea
ACE2-SOM-multi-climate-RS0,4xCO2,ic1,,01JDGKSBEW0DNNMKC6YXV2K9B2,ai2cm/ace-som/sjnnjymw
ACE2-SOM-multi-climate-RS0,4xCO2,ic2,,01JDGKSGV06QZD9603D7DSCXJ4,ai2cm/ace-som/3cce2xn6
ACE2-SOM-multi-climate-RS0,4xCO2,ic3,,01JDGKSP2X0MT0GJ0PENB5ZSVK,ai2cm/ace-som/dr60vbye
ACE2-SOM-multi-climate-RS0,4xCO2,ic4,,01JDGKSW499M88KR9660XM4FY3,ai2cm/ace-som/11gdm8h6
ACE2-SOM-multi-climate-RS0,4xCO2,ic5,,01JDGKT1PWKYF5S80AC2DR3MBE,ai2cm/ace-som/by5y3l1k
ACE2-SOM-multi-climate-RS1,1xCO2,ic1,,01JDGKT7676SKQEKTBV93NY7B1,ai2cm/ace-som/mrmk98hg
ACE2-SOM-multi-climate-RS1,1xCO2,ic2,,01JDGKTCGMPZZESAPK2KW5Z2RX,ai2cm/ace-som/nehi6zfa
ACE2-SOM-multi-climate-RS1,1xCO2,ic3,,01JDGKTJ1RGPH8N76XVPQNHSJD,ai2cm/ace-som/ragfrb9y
ACE2-SOM-multi-climate-RS1,1xCO2,ic4,,01JDGKTQGMV40KAHZ5SRGFEH35,ai2cm/ace-som/5sqggced
ACE2-SOM-multi-climate-RS1,1xCO2,ic5,,01JDGKTWV292W70M256N9ZMZQH,ai2cm/ace-som/y9wkvf6a
ACE2-SOM-multi-climate-RS1,2xCO2,ic1,,01JDGKV23PJ831EXV1JDVXSBFF,ai2cm/ace-som/32h888hd
ACE2-SOM-multi-climate-RS1,2xCO2,ic2,,01JDGKV7XG0WEVZ1WRQKPARKAT,ai2cm/ace-som/7frw7w6t
ACE2-SOM-multi-climate-RS1,2xCO2,ic3,,01JDGKVDCN3SVP7T6WS2HJ1GEG,ai2cm/ace-som/87ieokrm
ACE2-SOM-multi-climate-RS1,2xCO2,ic4,,01JDGKVJVGJZY65TGW019WW6E2,ai2cm/ace-som/j3xnnphs
ACE2-SOM-multi-climate-RS1,2xCO2,ic5,,01JDGKVRA796W130NNR2KP3WKP,ai2cm/ace-som/v4ycm4g1
ACE2-SOM-multi-climate-RS1,3xCO2,ic1,,01JDGKVXWANVYS9AQWM3NRYYJM,ai2cm/ace-som/3jncc1od
ACE2-SOM-multi-climate-RS1,3xCO2,ic2,,01JDGKW3D00NWTYJS84GYYJ7F8,ai2cm/ace-som/fnp3niav
ACE2-SOM-multi-climate-RS1,3xCO2,ic3,,01JDGKWA388MSHCGVEEMS4T3FP,ai2cm/ace-som/p3yile87
ACE2-SOM-multi-climate-RS1,3xCO2,ic4,,01JDGKWFVZ04T7T17ZSJS0AFN7,ai2cm/ace-som/ds12m5yv
ACE2-SOM-multi-climate-RS1,3xCO2,ic5,,01JDGKWNDY1F4T7EXJVV8SWCPX,ai2cm/ace-som/trrpff9c
ACE2-SOM-multi-climate-RS1,4xCO2,ic1,,01JDGKWTK3D7Q9Z26RK1KFMACR,ai2cm/ace-som/apfqn1wm
ACE2-SOM-multi-climate-RS1,4xCO2,ic2,,01JDGKX05G37TXZ0SHXMPZG8TX,ai2cm/ace-som/jze9mmwa
ACE2-SOM-multi-climate-RS1,4xCO2,ic3,,01JDGKX642JX4EJDJ5BH0VDSRP,ai2cm/ace-som/xfrte5zn
ACE2-SOM-multi-climate-RS1,4xCO2,ic4,,01JDGKXBZXQP0980EVVSE4CYAN,ai2cm/ace-som/7ymvguea
ACE2-SOM-multi-climate-RS1,4xCO2,ic5,,01JDGKXHB57A82Z5SZ95V9D1WP,ai2cm/ace-som/jnicpav0
ACE2-SOM-multi-climate-RS2,1xCO2,ic1,,01JDGKXPZ3J5V2H1NFPQ22QKBE,ai2cm/ace-som/t2h6xv9z
ACE2-SOM-multi-climate-RS2,1xCO2,ic2,,01JDGKXWGD5S3XP6WG2K0KM8H5,ai2cm/ace-som/kxnhehdk
ACE2-SOM-multi-climate-RS2,1xCO2,ic3,,01JDGKY1MFG0RZ9NVGDW97YXR9,ai2cm/ace-som/bwmkphqk
ACE2-SOM-multi-climate-RS2,1xCO2,ic4,,01JDGKY6Q0TCXX99MBZP93ZWYR,ai2cm/ace-som/mkeubdxn
ACE2-SOM-multi-climate-RS2,1xCO2,ic5,,01JDGKYC62304S1GW88P3VKGHA,ai2cm/ace-som/m91av7fu
ACE2-SOM-multi-climate-RS2,2xCO2,ic1,,01JDGKYHN1YWG7AS6390D1XTQN,ai2cm/ace-som/vs8qe81m
ACE2-SOM-multi-climate-RS2,2xCO2,ic2,,01JDGKYPY2PSQYCW2J3AC3KJG5,ai2cm/ace-som/uvyjahex
ACE2-SOM-multi-climate-RS2,2xCO2,ic3,,01JDGKYWJ50ZS5XVYWSX90S95V,ai2cm/ace-som/gr5ur727
ACE2-SOM-multi-climate-RS2,2xCO2,ic4,,01JDGKZ24NNXDPCQDHMSC2RSHB,ai2cm/ace-som/d24bvgrb
ACE2-SOM-multi-climate-RS2,2xCO2,ic5,,01JDGKZ7AFXVF1C1WTDPW84KJJ,ai2cm/ace-som/yxy20a6t
ACE2-SOM-multi-climate-RS2,3xCO2,ic1,,01JDGKZCH3RAS3YDNF2AHG3AZ2,ai2cm/ace-som/jl61c20e
ACE2-SOM-multi-climate-RS2,3xCO2,ic2,,01JDGKZJ3H4A0X26MV1RXQMZWC,ai2cm/ace-som/4cbmvxjx
ACE2-SOM-multi-climate-RS2,3xCO2,ic3,,01JDGKZQSX23QGBT7F2T0MAJ8A,ai2cm/ace-som/zlz6kq76
ACE2-SOM-multi-climate-RS2,3xCO2,ic4,,01JDGKZX1AJF496MQF56QGMH0A,ai2cm/ace-som/wtsppbv0
ACE2-SOM-multi-climate-RS2,3xCO2,ic5,,01JDGM02C36R3VFEEFN61QFP5V,ai2cm/ace-som/bi5nbym1
ACE2-SOM-multi-climate-RS2,4xCO2,ic1,,01JDGM07X0N0XFT58D9MS0PMB1,ai2cm/ace-som/g6tlptlp
ACE2-SOM-multi-climate-RS2,4xCO2,ic2,,01JDGM0DC9471EZ9KGNZ72K19R,ai2cm/ace-som/jshhx7ls
ACE2-SOM-multi-climate-RS2,4xCO2,ic3,,01JDGM0JHFXXKAKRXH8S5KWSA7,ai2cm/ace-som/3zzspvzf
ACE2-SOM-multi-climate-RS2,4xCO2,ic4,,01JDGM0QVM8J96MS0E1QCYGCP7,ai2cm/ace-som/fhfegdku
ACE2-SOM-multi-climate-RS2,4xCO2,ic5,,01JDGM0X17HZEST2WMTSQXDR47,ai2cm/ace-som/g535bhjf
ACE2-SOM-multi-climate-RS3,1xCO2,ic1,,01JDGM12GYNYFTTTC8EJK6JZCV,ai2cm/ace-som/q0710x9j
ACE2-SOM-multi-climate-RS3,1xCO2,ic2,,01JDGM17QMBBR48B8PG43PD6ET,ai2cm/ace-som/vz76ji5v
ACE2-SOM-multi-climate-RS3,1xCO2,ic3,,01JDGM1CXM9VSW1Q92CDKFWQPR,ai2cm/ace-som/avfv2a3i
ACE2-SOM-multi-climate-RS3,1xCO2,ic4,,01JDGM1JN2M1A0EYCJHRPP5CGD,ai2cm/ace-som/rp9c3jnl
ACE2-SOM-multi-climate-RS3,1xCO2,ic5,,01JDGM1R2ZVXYK7WWHKX18H6HD,ai2cm/ace-som/gd1b0oe4
ACE2-SOM-multi-climate-RS3,2xCO2,ic1,,01JDGM1XKYC563EASQ7YN4DF13,ai2cm/ace-som/ws2lzxax
ACE2-SOM-multi-climate-RS3,2xCO2,ic2,,01JDGM22QENY64AGE21258T58A,ai2cm/ace-som/1vc8sqjz
ACE2-SOM-multi-climate-RS3,2xCO2,ic3,,01JDGM27ZMHGNX3F69E60HG1XC,ai2cm/ace-som/e1zrbuu6
ACE2-SOM-multi-climate-RS3,2xCO2,ic4,,01JDGM2DCR90YVKH8K97MAZ812,ai2cm/ace-som/0ss4q3vk
ACE2-SOM-multi-climate-RS3,2xCO2,ic5,,01JDGM2JMFZY2CVMWK7ZFVREM1,ai2cm/ace-som/osad8i1v
ACE2-SOM-multi-climate-RS3,3xCO2,ic1,,01JDGM2QW3BDTPBTG4DCKAGMKG,ai2cm/ace-som/01rltc2t
ACE2-SOM-multi-climate-RS3,3xCO2,ic2,,01JDGM2X7RXXC2HRCFH0RHWYGN,ai2cm/ace-som/kstcwgte
ACE2-SOM-multi-climate-RS3,3xCO2,ic3,,01JDGM32KGXPV565KQ4J307R5J,ai2cm/ace-som/982xulw6
ACE2-SOM-multi-climate-RS3,3xCO2,ic4,,01JDGM3879G0CB8EVK34KJW717,ai2cm/ace-som/lipslw9h
ACE2-SOM-multi-climate-RS3,3xCO2,ic5,,01JDGM3DE6KAG73RABD57X7JYV,ai2cm/ace-som/gq61r75p
ACE2-SOM-multi-climate-RS3,4xCO2,ic1,,01JDGM3JQEQQJ3P63DGZZRV6Y1,ai2cm/ace-som/0s7dgkv0
ACE2-SOM-multi-climate-RS3,4xCO2,ic2,,01JDGM3QZ09V8DRGVTPE30JKQZ,ai2cm/ace-som/3o61zq0c
ACE2-SOM-multi-climate-RS3,4xCO2,ic3,,01JDGM3X3GSCW4QAAWCQ995M5V,ai2cm/ace-som/kfbjr8k6
ACE2-SOM-multi-climate-RS3,4xCO2,ic4,,01JDGM428KA8F540XVCSTB4S88,ai2cm/ace-som/z2z4z6bz
ACE2-SOM-multi-climate-RS3,4xCO2,ic5,,01JDGM47JQWXNGX4H1DYZNXW91,ai2cm/ace-som/3uyfu0dv
ACE2-SOM-increasing-co2-RS0,1xCO2,ic1,,01JDGM4CYXQ166HVCM8Z6QPT89,ai2cm/ace-som/th781lvu
ACE2-SOM-increasing-co2-RS0,1xCO2,ic2,,01JDGM4J73NENTJFQDGKAX3N1F,ai2cm/ace-som/3lywpmaz
ACE2-SOM-increasing-co2-RS0,1xCO2,ic3,,01JDGM4QGHGQ9N0PA1WMKBDB7K,ai2cm/ace-som/u2vm6e4f
ACE2-SOM-increasing-co2-RS0,1xCO2,ic4,,01JDGM4WQ2221PN1F3FANFQXRC,ai2cm/ace-som/h4njj84p
ACE2-SOM-increasing-co2-RS0,1xCO2,ic5,,01JDGM52CXG7JB5AP2A6A2NS7B,ai2cm/ace-som/vuqk407a
ACE2-SOM-increasing-co2-RS0,2xCO2,ic1,,01JDGM5862V1CQA2ZGZ5SA7G6M,ai2cm/ace-som/9j5avh06
ACE2-SOM-increasing-co2-RS0,2xCO2,ic2,,01JDGM5D8GH7JF7SQ66RQ8DJ8B,ai2cm/ace-som/4h4sgph3
ACE2-SOM-increasing-co2-RS0,2xCO2,ic3,,01JDGM5JS3HQNFCSQSAZX4WXEJ,ai2cm/ace-som/x0uw3h8v
ACE2-SOM-increasing-co2-RS0,2xCO2,ic4,,01JDGM5QY44E1T20Y2MAE9WZ1B,ai2cm/ace-som/dlufzily
ACE2-SOM-increasing-co2-RS0,2xCO2,ic5,,01JDGM5XD325BHWMH05GAWQAT8,ai2cm/ace-som/5nl6crg0
ACE2-SOM-increasing-co2-RS0,3xCO2,ic1,,01JDGM62V6Q92BPY6WRJVCR1R9,ai2cm/ace-som/mkm8qe39
ACE2-SOM-increasing-co2-RS0,3xCO2,ic2,,01JDGM68E6K50642QYRK84AP9B,ai2cm/ace-som/3qy0qsvp
ACE2-SOM-increasing-co2-RS0,3xCO2,ic3,,01JDGM6DNYVGEAB6VH59ZG6TY0,ai2cm/ace-som/xwgcs7p7
ACE2-SOM-increasing-co2-RS0,3xCO2,ic4,,01JDGM6K17JCCCGSY2TPDHAKMD,ai2cm/ace-som/65ftakzs
ACE2-SOM-increasing-co2-RS0,3xCO2,ic5,,01JDGM6R9KW6TSWFHZ913GB55C,ai2cm/ace-som/t50n431q
ACE2-SOM-increasing-co2-RS0,4xCO2,ic1,,01JDGM6XS0872NGECBHDXGTSR6,ai2cm/ace-som/w5g5zee4
ACE2-SOM-increasing-co2-RS0,4xCO2,ic2,,01JDGM738B5AK6GSQ990181C39,ai2cm/ace-som/595f2scp
ACE2-SOM-increasing-co2-RS0,4xCO2,ic3,,01JDGM78E521MMKXGBBZGKSC5H,ai2cm/ace-som/9f8zz3er
ACE2-SOM-increasing-co2-RS0,4xCO2,ic4,,01JDGM7E8J48GMQQ4V6DD9QMDF,ai2cm/ace-som/s7ezwgdq
ACE2-SOM-increasing-co2-RS0,4xCO2,ic5,,01JDGM7KRWFNGEBZB3K2Z38N44,ai2cm/ace-som/rgrombe7
ACE2-SOM-increasing-co2-RS1,1xCO2,ic1,,01JDGM7S2WHVVHPJEG58VB3X2R,ai2cm/ace-som/0erb854a
ACE2-SOM-increasing-co2-RS1,1xCO2,ic2,,01JDGM7YDYXCTPVZHAZNFMRY2D,ai2cm/ace-som/z95tzydk
ACE2-SOM-increasing-co2-RS1,1xCO2,ic3,,01JDGM83NHQ5M948M86NXVQAXQ,ai2cm/ace-som/p0kchetc
ACE2-SOM-increasing-co2-RS1,1xCO2,ic4,,01JDGM897P11GC97D39G0MDEM2,ai2cm/ace-som/5u3v9675
ACE2-SOM-increasing-co2-RS1,1xCO2,ic5,,01JDGM8EVV73SATG4STV4PQV6R,ai2cm/ace-som/lc0ih47k
ACE2-SOM-increasing-co2-RS1,2xCO2,ic1,,01JDGM8M6EWEKY2ZV6ZQD3A1J3,ai2cm/ace-som/t6na6tjk
ACE2-SOM-increasing-co2-RS1,2xCO2,ic2,,01JDGM8S9R33M31N26Q51C6ZY5,ai2cm/ace-som/imcrixoa
ACE2-SOM-increasing-co2-RS1,2xCO2,ic3,,01JDGM8YGS1X39C475P41TX2ZT,ai2cm/ace-som/rbol2mle
ACE2-SOM-increasing-co2-RS1,2xCO2,ic4,,01JDGM93JZR39X2GJWW3FXVYRQ,ai2cm/ace-som/gp5206wl
ACE2-SOM-increasing-co2-RS1,2xCO2,ic5,,01JDGM98QNFBSN6KYSCJ6GS59J,ai2cm/ace-som/yod63121
ACE2-SOM-increasing-co2-RS1,3xCO2,ic1,,01JDGM9E2M93H6VHKZE0XVSYH0,ai2cm/ace-som/7m8v965y
ACE2-SOM-increasing-co2-RS1,3xCO2,ic2,,01JDGM9K95W0CZ6GESS6XS37KZ,ai2cm/ace-som/lhm94je7
ACE2-SOM-increasing-co2-RS1,3xCO2,ic3,,01JDGM9RX3GD23YKF2SMZXK3BH,ai2cm/ace-som/e8c7omxe
ACE2-SOM-increasing-co2-RS1,3xCO2,ic4,,01JDGM9YNV5V6WAAJ38BKWX63F,ai2cm/ace-som/xrsofmx5
ACE2-SOM-increasing-co2-RS1,3xCO2,ic5,,01JDGMA4E8BWHBJPGRKWFJ6N9R,ai2cm/ace-som/unp075d9
ACE2-SOM-increasing-co2-RS1,4xCO2,ic1,,01JDGMAA1Z772A87ZV6CJ1NJ4K,ai2cm/ace-som/l3ba3feb
ACE2-SOM-increasing-co2-RS1,4xCO2,ic2,,01JDGMAFRG0CSPG7H509ACJZND,ai2cm/ace-som/w4d3ztwb
ACE2-SOM-increasing-co2-RS1,4xCO2,ic3,,01JDGMAN93PC1BHNPZB5ZBF2VQ,ai2cm/ace-som/2rze0696
ACE2-SOM-increasing-co2-RS1,4xCO2,ic4,,01JDGMATRDQ0RN4CM2WQGX1MCA,ai2cm/ace-som/gqzav677
ACE2-SOM-increasing-co2-RS1,4xCO2,ic5,,01JDGMB03479QBJBAF4F5SEGXP,ai2cm/ace-som/uv8lc3f1
ACE2-SOM-increasing-co2-RS2,1xCO2,ic1,,01JDGMB5SAGHDD50VTFEKEH5D7,ai2cm/ace-som/mz761ho4
ACE2-SOM-increasing-co2-RS2,1xCO2,ic2,,01JDGMBBGSDDGMWXY4Y8QQ1AJH,ai2cm/ace-som/qum09uok
ACE2-SOM-increasing-co2-RS2,1xCO2,ic3,,01JDGMBH0WJBFRCPRGDYZDJ4XK,ai2cm/ace-som/m3foudf5
ACE2-SOM-increasing-co2-RS2,1xCO2,ic4,,01JDGMBP75WF875HK2ZPRGDSMV,ai2cm/ace-som/xd3wghq5
ACE2-SOM-increasing-co2-RS2,1xCO2,ic5,,01JDGMBVH60S4PHRFADN70J8YE,ai2cm/ace-som/ywyyw1yb
ACE2-SOM-increasing-co2-RS2,2xCO2,ic1,,01JDGMC0SEK6SCNMZKMP2WQ83N,ai2cm/ace-som/iak07721
ACE2-SOM-increasing-co2-RS2,2xCO2,ic2,,01JDGMC630F5HQ9GYY0FRKAQP5,ai2cm/ace-som/a99k3xvz
ACE2-SOM-increasing-co2-RS2,2xCO2,ic3,,01JDGMCBASSTNE1A272RAMZGGR,ai2cm/ace-som/1xmvgz3f
ACE2-SOM-increasing-co2-RS2,2xCO2,ic4,,01JDGMCGHHH7VKGWH9HHB8D81E,ai2cm/ace-som/r0hnp3kp
ACE2-SOM-increasing-co2-RS2,2xCO2,ic5,,01JDGMCP2HWCJDN1CXPDS102TP,ai2cm/ace-som/oicoshg1
ACE2-SOM-increasing-co2-RS2,3xCO2,ic1,,01JDGMCV3WXRF0TBXZ1CNPBEXP,ai2cm/ace-som/ef6e54f2
ACE2-SOM-increasing-co2-RS2,3xCO2,ic2,,01JDGMD0XPSNFKZTSDFCWA8NE7,ai2cm/ace-som/me01vm8b
ACE2-SOM-increasing-co2-RS2,3xCO2,ic3,,01JDGMD6EM7AMP5TQQHDK50E93,ai2cm/ace-som/liof788w
ACE2-SOM-increasing-co2-RS2,3xCO2,ic4,,01JDGMDBY84W8V572HHEY9DKY6,ai2cm/ace-som/xodnlrhq
ACE2-SOM-increasing-co2-RS2,3xCO2,ic5,,01JDGMDHSA7TB5EK3SC56WA6VB,ai2cm/ace-som/7y7or1h8
ACE2-SOM-increasing-co2-RS2,4xCO2,ic1,,01JDGMDQ4G4X7MTRY6VKZCMV58,ai2cm/ace-som/u8k4yz2v
ACE2-SOM-increasing-co2-RS2,4xCO2,ic2,,01JDGMDWR6GEYQKWRK1FXZHK04,ai2cm/ace-som/56jrghqf
ACE2-SOM-increasing-co2-RS2,4xCO2,ic3,,01JDGME2M9CYDN106DJQYV1CQM,ai2cm/ace-som/z9ovqygb
ACE2-SOM-increasing-co2-RS2,4xCO2,ic4,,01JDGME8CH5NH73B6QPTG6GWZM,ai2cm/ace-som/rgxzyaeq
ACE2-SOM-increasing-co2-RS2,4xCO2,ic5,,01JDGMEDFRHTT3CJQX6CWJV2MT,ai2cm/ace-som/dmtoebh2
ACE2-SOM-increasing-co2-RS3,1xCO2,ic1,,01JDGMEJNVM6QKQFCGW4TCPH56,ai2cm/ace-som/fdpb4h7w
ACE2-SOM-increasing-co2-RS3,1xCO2,ic2,,01JDGMER518DH6SME65FEB5SST,ai2cm/ace-som/wcxlo6rl
ACE2-SOM-increasing-co2-RS3,1xCO2,ic3,,01JDGMEY237CMHH8PXXR1R3EY6,ai2cm/ace-som/nrp7dhyd
ACE2-SOM-increasing-co2-RS3,1xCO2,ic4,,01JDGMF39XTRGXS6C8AC0Y26H6,ai2cm/ace-som/f78bod5x
ACE2-SOM-increasing-co2-RS3,1xCO2,ic5,,01JDGMF8VS5PR4YFS2P0QJ3Y50,ai2cm/ace-som/y4gvu4pd
ACE2-SOM-increasing-co2-RS3,2xCO2,ic1,,01JDGMFE906HDC6MB45WKND6VZ,ai2cm/ace-som/4j6cr4fe
ACE2-SOM-increasing-co2-RS3,2xCO2,ic2,,01JDGMFKFFN5HG1R51546KV22K,ai2cm/ace-som/p5nm72qp
ACE2-SOM-increasing-co2-RS3,2xCO2,ic3,,01JDGMFS2Y02K8YRNMEK01CKFA,ai2cm/ace-som/9l5gxddn
ACE2-SOM-increasing-co2-RS3,2xCO2,ic4,,01JDGMFYZ5XSJ46P7C1J0BP38C,ai2cm/ace-som/6fs73dxw
ACE2-SOM-increasing-co2-RS3,2xCO2,ic5,,01JDGMG4JV2J8WV13W1D54ES59,ai2cm/ace-som/59y5xnj0
ACE2-SOM-increasing-co2-RS3,3xCO2,ic1,,01JDGMGAMS1HRZ80CWGE95VDJD,ai2cm/ace-som/y5t9icxk
ACE2-SOM-increasing-co2-RS3,3xCO2,ic2,,01JDGMGFVXDABVDF00X226THWJ,ai2cm/ace-som/iw2r6dnk
ACE2-SOM-increasing-co2-RS3,3xCO2,ic3,,01JDGMGNF4W1B7H1E0DDCWY0CX,ai2cm/ace-som/v4otdr0t
ACE2-SOM-increasing-co2-RS3,3xCO2,ic4,,01JDGMGVFX4AXSPZR0S7GJ8EGN,ai2cm/ace-som/g9qvdiw3
ACE2-SOM-increasing-co2-RS3,3xCO2,ic5,,01JDGMH0NECDYDY1YJG7F6ZMWT,ai2cm/ace-som/1mu0akzk
ACE2-SOM-increasing-co2-RS3,4xCO2,ic1,,01JDGMH5RXEA0QX7YSMTJQEXA4,ai2cm/ace-som/3qi9butj
ACE2-SOM-increasing-co2-RS3,4xCO2,ic2,,01JDGMHAZG8G7NYAR55FZXZ4VB,ai2cm/ace-som/mkpyw3hp
ACE2-SOM-increasing-co2-RS3,4xCO2,ic3,,01JDGMHGFTPF655ASV66EHD91Q,ai2cm/ace-som/phjxfv0y
ACE2-SOM-increasing-co2-RS3,4xCO2,ic4,,01JDGMHNXGN0G6G5KATA7J7GVM,ai2cm/ace-som/f88ve1uh
ACE2-SOM-increasing-co2-RS3,4xCO2,ic5,,01JDGMHVG862XHYWFEH4JZR61W,ai2cm/ace-som/n8m0bxux
SHiELD-SOM-C24-tuned-cdmbgwd,increasing-CO2,,,01JDSR19KEQ6V20XKFVAFRQW5T,ai2cm/ace-som/pnmnkuus
SHiELD-SOM-C96,increasing-CO2,,,01JDGANES8K95ZF4XED78S2KR1,ai2cm/ace-som/0znb4say
ACE2-SOM-multi-climate-RS0,increasing-CO2,,,01JDGAMBN8NJH4Z140MN2D17TR,ai2cm/ace-som/4ayel7f3
ACE2-SOM-multi-climate-RS1,increasing-CO2,,,01JDGAMFY4PE306JN1QR4XW2P3,ai2cm/ace-som/zqnphd5d
ACE2-SOM-multi-climate-RS2,increasing-CO2,,,01JDGAMM7A4M8B41Y6H71F1A8W,ai2cm/ace-som/t1drx1bd
ACE2-SOM-multi-climate-RS3,increasing-CO2,,,01JDGAMRNMDZTZNQJBDRAS4XC5,ai2cm/ace-som/mnxbywia
ACE2-SOM-increasing-co2-RS0,increasing-CO2,,,01JDGAMX2PQK2YBHMV0GBG3HR8,ai2cm/ace-som/g7pkzxgt
ACE2-SOM-increasing-co2-RS1,increasing-CO2,,,01JDGAN1EDSRYDMSSWTM6R4Y9Q,ai2cm/ace-som/w479o72w
ACE2-SOM-increasing-co2-RS2,increasing-CO2,,,01JDGAN5S8C0YN5J8TP3KA00S0,ai2cm/ace-som/l9712tv6
ACE2-SOM-increasing-co2-RS3,increasing-CO2,,,01JDGANA79NSAMNCK5B6AG6MWD,ai2cm/ace-som/3e2ii6cg
SHiELD-SOM-C24-tuned-cdmbgwd,1xCO2,ic1,extreme-precipitation,01JDMJ1RCFGRCE6MC0ZJZA5HHS,ai2cm/ace-som/fu6onoph
SHiELD-SOM-C24-tuned-cdmbgwd,1xCO2,ic2,extreme-precipitation,01JDMJ28JDP206Y5FPPQMPAVSC,ai2cm/ace-som/lvt7lavq
SHiELD-SOM-C24-tuned-cdmbgwd,1xCO2,ic3,extreme-precipitation,01JDMJ2RQZXKSF2EENZ4C4640H,ai2cm/ace-som/cq3stxxu
SHiELD-SOM-C24-tuned-cdmbgwd,1xCO2,ic4,extreme-precipitation,01JDMJ392KQWB3K9XYR08X4NX0,ai2cm/ace-som/i2o0lutt
SHiELD-SOM-C24-tuned-cdmbgwd,1xCO2,ic5,extreme-precipitation,01JDMJ3SGDK1PD6308JVPVRTE2,ai2cm/ace-som/rai63nrc
SHiELD-SOM-C24-tuned-cdmbgwd,2xCO2,ic1,extreme-precipitation,01JDMJ1WA42WNEBCCB1NB3VAS8,ai2cm/ace-som/1kdoqgm6
SHiELD-SOM-C24-tuned-cdmbgwd,2xCO2,ic2,extreme-precipitation,01JDMJ2CJ15KZD9ZNVVFNFPKN3,ai2cm/ace-som/eyjoxkiw
SHiELD-SOM-C24-tuned-cdmbgwd,2xCO2,ic3,extreme-precipitation,01JDMJ2WXVM6F0S8YPDAQD4XHC,ai2cm/ace-som/w8sxwndy
SHiELD-SOM-C24-tuned-cdmbgwd,2xCO2,ic4,extreme-precipitation,01JDMJ3D42QW40EV5HFCZVCQ4G,ai2cm/ace-som/96icp5sq
SHiELD-SOM-C24-tuned-cdmbgwd,2xCO2,ic5,extreme-precipitation,01JDMJ3XN3ZTVER3BKM60FCZ6K,ai2cm/ace-som/y8peqek9
SHiELD-SOM-C24-tuned-cdmbgwd,3xCO2,ic1,extreme-precipitation,01JDMJ20BT2KKDJADDQ0E7FP1Y,ai2cm/ace-som/p7he9g5i
SHiELD-SOM-C24-tuned-cdmbgwd,3xCO2,ic2,extreme-precipitation,01JDMJ2GPBB0TBRQKNCJHAPN10,ai2cm/ace-som/x2w2j7hp
SHiELD-SOM-C24-tuned-cdmbgwd,3xCO2,ic3,extreme-precipitation,01JDMJ30YD7FAP6KVT8Q5958N2,ai2cm/ace-som/p4m6k9mr
SHiELD-SOM-C24-tuned-cdmbgwd,3xCO2,ic4,extreme-precipitation,01JDMJ3H9NCM2JYFEC12V6T9SR,ai2cm/ace-som/vovjhnzx
SHiELD-SOM-C24-tuned-cdmbgwd,3xCO2,ic5,extreme-precipitation,01JDMJ41Q0S3SXGY4EBB1DP2EP,ai2cm/ace-som/dbpsgb8w
SHiELD-SOM-C24-tuned-cdmbgwd,4xCO2,ic1,extreme-precipitation,01JDMJ24H4GSP0XH8QNT08CSHP,ai2cm/ace-som/esatunsy
SHiELD-SOM-C24-tuned-cdmbgwd,4xCO2,ic2,extreme-precipitation,01JDMJ2MN29TPB71317JCQWT4K,ai2cm/ace-som/h0p1bdn7
SHiELD-SOM-C24-tuned-cdmbgwd,4xCO2,ic3,extreme-precipitation,01JDMJ34Z8VGAGKZJHX160ZANS,ai2cm/ace-som/nqpseol0
SHiELD-SOM-C24-tuned-cdmbgwd,4xCO2,ic4,extreme-precipitation,01JDMJ3NCEHWAMQJ08DP38RFN3,ai2cm/ace-som/dexod51z
SHiELD-SOM-C24-tuned-cdmbgwd,4xCO2,ic5,extreme-precipitation,01JDMJ45SERRMZM204FDR5WRCW,ai2cm/ace-som/rs380k6o
SHiELD-SOM-C96,1xCO2,ic1,extreme-precipitation,01JDJKYVQ0DW5RD8D64BV77X03,ai2cm/ace-som/f4qe4r3s
SHiELD-SOM-C96,1xCO2,ic2,extreme-precipitation,01JDJKZBJK5P0M2FDMR0JBHTBT,ai2cm/ace-som/i5m9diai
SHiELD-SOM-C96,1xCO2,ic3,extreme-precipitation,01JDJKZVQTZN6CRRZ7MZ0AEDTG,ai2cm/ace-som/boyumuq9
SHiELD-SOM-C96,1xCO2,ic4,extreme-precipitation,01JDJM0BVM4YXYEM872M1XZZB4,ai2cm/ace-som/bu5ph5qy
SHiELD-SOM-C96,1xCO2,ic5,extreme-precipitation,01JDJM0WX63VMXFTP13EBV5NGJ,ai2cm/ace-som/2d31293a
SHiELD-SOM-C96,2xCO2,ic1,extreme-precipitation,01JDJKYZSBW5NXSEZ3WBF1YR8R,ai2cm/ace-som/xevoc2ys
SHiELD-SOM-C96,2xCO2,ic2,extreme-precipitation,01JDJKZFHDXZF1MZE3G4DTHPD3,ai2cm/ace-som/4b7ikns3
SHiELD-SOM-C96,2xCO2,ic3,extreme-precipitation,01JDJKZZQTV2E2FXGSVQKMPSMN,ai2cm/ace-som/pt3jw8cs
SHiELD-SOM-C96,2xCO2,ic4,extreme-precipitation,01JDJM0GRJS22VPZRK6X1SXGF3,ai2cm/ace-som/w3gvbayh
SHiELD-SOM-C96,2xCO2,ic5,extreme-precipitation,01JDJM116JE6RJVMRZWKH1GF5X,ai2cm/ace-som/ld5ot1dp
SHiELD-SOM-C96,3xCO2,ic1,extreme-precipitation,01JDJKZ3QPA492CM9WT3NTYX12,ai2cm/ace-som/nntzib0y
SHiELD-SOM-C96,3xCO2,ic2,extreme-precipitation,01JDJKZKKSM5T5JG8WSWXTC6J1,ai2cm/ace-som/arnqbnm1
SHiELD-SOM-C96,3xCO2,ic3,extreme-precipitation,01JDJM03TSS16TS3R9GHABEF9C,ai2cm/ace-som/znlgjyy0
SHiELD-SOM-C96,3xCO2,ic4,extreme-precipitation,01JDJM0MVKRJG272F03RS2FJTE,ai2cm/ace-som/ca1zynyj
SHiELD-SOM-C96,3xCO2,ic5,extreme-precipitation,01JDJM15A5477NAXVWK4STTMF1,ai2cm/ace-som/1emq3yvx
SHiELD-SOM-C96,4xCO2,ic1,extreme-precipitation,01JDJKZ7N7TXCQ8TPEB1G84B0H,ai2cm/ace-som/xavojny9
SHiELD-SOM-C96,4xCO2,ic2,extreme-precipitation,01JDJKZQMTT147W11KNRZ5MSWE,ai2cm/ace-som/vx3t47oe
SHiELD-SOM-C96,4xCO2,ic3,extreme-precipitation,01JDJM07T3DZQC82NMZ8AE9QHG,ai2cm/ace-som/gvaxpomh
SHiELD-SOM-C96,4xCO2,ic4,extreme-precipitation,01JDJM0RWGCRC4H98RVF74X3VT,ai2cm/ace-som/py0x7rpi
SHiELD-SOM-C96,4xCO2,ic5,extreme-precipitation,01JDJM19AMM54EN10G8X8T0GB1,ai2cm/ace-som/p84t3mhk
ACE2-SOM-multi-climate-RS3,1xCO2,ic1,extreme-precipitation,01JDJKVVF7V2BYB31P254AKZ39,ai2cm/ace-som/3abv8f3u
ACE2-SOM-multi-climate-RS3,1xCO2,ic2,extreme-precipitation,01JDJKW0717SSGT0X5VEJACGV9,ai2cm/ace-som/vh21tabh
ACE2-SOM-multi-climate-RS3,1xCO2,ic3,extreme-precipitation,01JDJKW50B0Y7PWE16D0KR2XEH,ai2cm/ace-som/0bphcjyj
ACE2-SOM-multi-climate-RS3,1xCO2,ic4,extreme-precipitation,01JDJKW9W4T619JSB4TJ4BENCA,ai2cm/ace-som/1l9m61hn
ACE2-SOM-multi-climate-RS3,1xCO2,ic5,extreme-precipitation,01JDJKWF6209BB7PPCNTDT4AMY,ai2cm/ace-som/4jwe78se
ACE2-SOM-multi-climate-RS3,2xCO2,ic1,extreme-precipitation,01JDJKWKVHPJRBH049KT5QKYAR,ai2cm/ace-som/bl61megz
ACE2-SOM-multi-climate-RS3,2xCO2,ic2,extreme-precipitation,01JDJKWRMJM2T00PYK4B69Q97E,ai2cm/ace-som/va1ywjns
ACE2-SOM-multi-climate-RS3,2xCO2,ic3,extreme-precipitation,01JDJKWXDVZMYEJ28DT5EFZS0K,ai2cm/ace-som/37pq8gpy
ACE2-SOM-multi-climate-RS3,2xCO2,ic4,extreme-precipitation,01JDJKX284H3W5P4QF3HKTQZCR,ai2cm/ace-som/ezd0yc7o
ACE2-SOM-multi-climate-RS3,2xCO2,ic5,extreme-precipitation,01JDJKX70BG77WDKDW6VWP0WXW,ai2cm/ace-som/b6rh8ru6
ACE2-SOM-multi-climate-RS3,3xCO2,ic1,extreme-precipitation,01JDJKXBRP1CYQ15SZGTCXZWPE,ai2cm/ace-som/u7nacen5
ACE2-SOM-multi-climate-RS3,3xCO2,ic2,extreme-precipitation,01JDJKXHFF6E10RAYFDZ2YNBMV,ai2cm/ace-som/1brg6jh8
ACE2-SOM-multi-climate-RS3,3xCO2,ic3,extreme-precipitation,01JDJKXP70Z209NGYN8Z4XJASQ,ai2cm/ace-som/e3gsrz01
ACE2-SOM-multi-climate-RS3,3xCO2,ic4,extreme-precipitation,01JDJKXV0VPKAQ8DPVQRY8AJBY,ai2cm/ace-som/ttg95pqg
ACE2-SOM-multi-climate-RS3,3xCO2,ic5,extreme-precipitation,01JDJKXZS6JPR1SMD8WEH4HZZX,ai2cm/ace-som/685wjdiz
ACE2-SOM-multi-climate-RS3,4xCO2,ic1,extreme-precipitation,01JDJKY4KPD7M772RAG8CTWFF6,ai2cm/ace-som/enhcav2h
ACE2-SOM-multi-climate-RS3,4xCO2,ic2,extreme-precipitation,01JDJKY9CJKHW0E3GJ1T02FB0G,ai2cm/ace-som/yjpiwn0l
ACE2-SOM-multi-climate-RS3,4xCO2,ic3,extreme-precipitation,01JDJKYE4FH0H0Q9TPFGZ5A966,ai2cm/ace-som/mapy5tub
ACE2-SOM-multi-climate-RS3,4xCO2,ic4,extreme-precipitation,01JDJKYK0416S794595B42S0QN,ai2cm/ace-som/aaeagc2q
ACE2-SOM-multi-climate-RS3,4xCO2,ic5,extreme-precipitation,01JDJKYQSYJVA6VR3BMG024RFT,ai2cm/ace-som/wf369d5z
SHiELD-SOM-C24-tuned-cdmbgwd,abrupt-4xCO2,,,01JDYWH4DFQZMGHQWXW6JTQ2WR,ai2cm/ace-som/095nqcfs
SHiELD-SOM-C96,abrupt-4xCO2,,,01JDYWH03D9GBWT6AH89P2K4WF,ai2cm/ace-som/2y4gdfen
ACE2-SOM-multi-climate-RS3,abrupt-4xCO2,,,01JDYWGVQ1J927641DKD6PRN06,ai2cm/ace-som/bl2derip
SHiELD-SOM-C24-tuned-cdmbgwd,abrupt-4xCO2,,abbreviated,01JDYWHHCEYQQAPG4V4D47WGBC,ai2cm/ace-som/nmvnkx15
SHiELD-SOM-C96,abrupt-4xCO2,,abbreviated,01JDYWHD2MT2MADG1KGP91PKD4,ai2cm/ace-som/8ohkely0
ACE2-SOM-multi-climate-RS3,abrupt-4xCO2,,abbreviated,01JDYWH8N10V39N6XGAR84YWEJ,ai2cm/ace-som/g80h8dhq
ACE2-SOM-multi-climate-RS0,radiation-multi-calls,,,01JDZBS073NMXW03FQC53TC7AA,ai2cm/ace-som/c0swqxic
ACE2-SOM-multi-climate-RS1,radiation-multi-calls,,,01JDZBS4KGGRJ4HJ46FV4DMCP8,ai2cm/ace-som/6ha4h5sf
ACE2-SOM-multi-climate-RS2,radiation-multi-calls,,,01JDZBS8TR085W48E2S305BGSV,ai2cm/ace-som/nz9l03q3
ACE2-SOM-multi-climate-RS3,radiation-multi-calls,,,01JDZAZKEYYKD1C31E0K9NGW3W,ai2cm/ace-som/onrh6dhb
ACE2-SOM-increasing-co2-RS0,radiation-multi-calls,,,01JDZBSFWK7YEN4F46G273C9NS,ai2cm/ace-som/s4fdrjyc
ACE2-SOM-increasing-co2-RS1,radiation-multi-calls,,,01JDZBSM6M44G5YPDNMWTHBP6B,ai2cm/ace-som/ukzx6rrj
ACE2-SOM-increasing-co2-RS2,radiation-multi-calls,,,01JDZBSSHW0SCT2MNVHS3D0WFC,ai2cm/ace-som/z7dzko2w
ACE2-SOM-increasing-co2-RS3,radiation-multi-calls,,,01JDZBSYE6FH2NC9949CTJR3EH,ai2cm/ace-som/a9bsdjbg
